,index,uuid_idt,tvia,nvia,numer,codmun,nommun,direccion
0,10893,74ed2308-3251-11e8-a29c-480fcf5217b3,CAMINO,TEJAR,28,35021,Santa Brígida,CAMINO TEJAR 28 SANTA BRIGIDA
1,134,28ef08aa-bdfc-4ac4-9a21-372fad2c7621,PASEO,GUINIGUADA,44,35021,Santa Brígida,PASEO GUINIGUADA 44 SANTA BRIGIDA
2,6104,6a9815e7-3251-11e8-ba6c-480fcf5217b3,CALLE,ALFEREZ VICENTE MONZON BARBER,10,35021,Santa Brígida,CALLE ALFEREZ VICENTE MONZON BARBER 10 SANTA BRIGIDA
3,4550,67ab5779-3251-11e8-bb6f-480fcf5217b3,CALLE,SAN JOSE VEGA,86,35021,Santa Brígida,CALLE SAN JOSE VEGA 86 SANTA BRIGIDA
4,4400,6739cf67-3251-11e8-9c16-480fcf5217b3,CALLE,BUENAVISTA,61,35021,Santa Brígida,CALLE BUENAVISTA 61 SANTA BRIGIDA
5,9653,729b8829-3251-11e8-ab12-480fcf5217b3,LUGAR,CRUZ MORALES,68,35021,Santa Brígida,LUGAR CRUZ MORALES 68 SANTA BRIGIDA
6,11460,76098dcb-3251-11e8-bc36-480fcf5217b3,LUGAR,LOMO ESPINO,77,35021,Santa Brígida,LUGAR LOMO ESPINO 77 SANTA BRIGIDA
7,2974,646e2e2e-3251-11e8-bfe3-480fcf5217b3,CALLE,NESTOR ALAMO,60,35021,Santa Brígida,CALLE NESTOR ALAMO 60 SANTA BRIGIDA
8,14484,c0cf628a-0ad1-11ea-8401-7756d0c25261,CAMINO,PINO SANTO ALTO,30,35021,Santa Brígida,CAMINO PINO SANTO ALTO 30 SANTA BRIGIDA
9,4787,681f8671-3251-11e8-ab75-480fcf5217b3,CALLE,MALJURADA,9,35021,Santa Brígida,CALLE MALJURADA 9 SANTA BRIGIDA
10,13113,bf845df3-7e02-11eb-9c2e-bb25040d7002,CALLE,ANGOSTURA TRASERA,20,35021,Santa Brígida,CALLE ANGOSTURA TRASERA 20 SANTA BRIGIDA
11,13550,c05fc23c-0ad1-11ea-8401-7756d0c25261,CALLE,FINCA HUERTAS POLIG 5 PARCELA399,8,35021,Santa Brígida,CALLE FINCA HUERTAS POLIG 5 PARCELA399 8 SANTA BRIGIDA
12,9795,72f8a23d-3251-11e8-ba49-480fcf5217b3,CALLE,CAMINO RASO BANDAMA,33,35021,Santa Brígida,CALLE CAMINO RASO BANDAMA 33 SANTA BRIGIDA
13,15815,fbeb2b82-add9-11eb-89e0-e18902917be0,CAMINO,A CORDILLERAS,40,35021,Santa Brígida,CAMINO A CORDILLERAS 40 SANTA BRIGIDA
14,731,5fb565b2-3251-11e8-999f-480fcf5217b3,URBANIZACION,LENTISCOS,50,35021,Santa Brígida,URBANIZACION LENTISCOS 50 SANTA BRIGIDA
15,9754,72e199b3-3251-11e8-beb2-480fcf5217b3,CARRETERA,CENTRO GRAN PARADA,33,35021,Santa Brígida,CARRETERA CENTRO GRAN PARADA 33 SANTA BRIGIDA
16,6732,6be7c555-3251-11e8-a01a-480fcf5217b3,CALLE,LOMO ESPINO,104,35021,Santa Brígida,CALLE LOMO ESPINO 104 SANTA BRIGIDA
17,786,5fcd44e8-3251-11e8-a04a-480fcf5217b3,CARRETERA,CENTRO S JOSE VEGAS,10,35021,Santa Brígida,CARRETERA CENTRO S JOSE VEGAS 10 SANTA BRIGIDA
18,3653,65bcd9b6-3251-11e8-9613-480fcf5217b3,CAMINO,TEJAR,32,35021,Santa Brígida,CAMINO TEJAR 32 SANTA BRIGIDA
19,15004,c711bed6-3eda-11eb-845e-5fc45ade36e3,CALLE,CAMINO GAMONAL,11,35021,Santa Brígida,CALLE CAMINO GAMONAL 11 SANTA BRIGIDA
20,13257,c0584c23-0ad1-11ea-8401-7756d0c25261,CAMINO,CARABALLO,6,35021,Santa Brígida,CAMINO CARABALLO 6 SANTA BRIGIDA
21,3174,64cc2b04-3251-11e8-b912-480fcf5217b3,CALLE,LOMO ESPINO,334,35021,Santa Brígida,CALLE LOMO ESPINO 334 SANTA BRIGIDA
22,9469,72143e5c-3251-11e8-afcc-480fcf5217b3,CALLE,GENERAL MONTE LENTISCAL,165,35021,Santa Brígida,CALLE GENERAL MONTE LENTISCAL 165 SANTA BRIGIDA
23,6051,6a825c24-3251-11e8-b451-480fcf5217b3,CALLE,ROCHAS,52,35021,Santa Brígida,CALLE ROCHAS 52 SANTA BRIGIDA
24,14471,c0caf9e4-0ad1-11ea-8401-7756d0c25261,CARRETERA,PIQUILLO AL,28,35021,Santa Brígida,CARRETERA PIQUILLO AL 28 SANTA BRIGIDA
25,8598,701e371a-3251-11e8-8b22-480fcf5217b3,URBANIZACION,TOSCANES CENTRO COMERCIAL TAFIRA LOC 15 16 17,0,35021,Santa Brígida,URBANIZACION TOSCANES CENTRO COMERCIAL TAFIRA LOC 15 16 17 0 SANTA BRIGIDA
26,6088,6a82834c-3251-11e8-b456-480fcf5217b3,CALLE,PEREZ,32,35021,Santa Brígida,CALLE PEREZ 32 SANTA BRIGIDA
27,12379,77f30db3-7e46-11eb-9c2e-bb25040d7002,OTROS,LOMO PINO SANTO BAJO,0,35021,Santa Brígida,LOMO PINO SANTO BAJO 0 SANTA BRIGIDA
28,10365,73e9a897-3251-11e8-bdc9-480fcf5217b3,CALLE,ENMEDIO,6,35021,Santa Brígida,CALLE ENMEDIO 6 SANTA BRIGIDA
29,4776,68066fff-3251-11e8-a477-480fcf5217b3,CARRETERA,A PINO SANTO,135,35021,Santa Brígida,CARRETERA A PINO SANTO 135 SANTA BRIGIDA
30,5438,697c3b41-3251-11e8-9c8d-480fcf5217b3,AVENIDA,LUCHA CANARIA,11,35021,Santa Brígida,AVENIDA LUCHA CANARIA 11 SANTA BRIGIDA
31,15413,d88737c6-8883-11ea-89ce-cf09b1b80085,CAMINO,PINO SANTO ALTO,71,35021,Santa Brígida,CAMINO PINO SANTO ALTO 71 SANTA BRIGIDA
32,4037,6691187b-3251-11e8-a473-480fcf5217b3,CALLE,MIRLO,1,35021,Santa Brígida,CALLE MIRLO 1 SANTA BRIGIDA
33,13130,c025932f-649e-4d14-b8f1-e3ff99775fca,CALLE,CUESTA ALVARADOS,21,35021,Santa Brígida,CALLE CUESTA ALVARADOS 21 SANTA BRIGIDA
34,13576,c05fc23c-0ad1-11ea-8401-7756d0c25261,CAMINO,A PERES,13,35021,Santa Brígida,CAMINO A PERES 13 SANTA BRIGIDA
35,10516,744744b0-3251-11e8-a332-480fcf5217b3,CALLE,JOSE ANTONIO PRIMO RIVERA,5,35021,Santa Brígida,CALLE JOSE ANTONIO PRIMO RIVERA 5 SANTA BRIGIDA
36,15872,fbeba058-add9-11eb-89e0-e18902917be0,CALLE,CAMINO VINAGRERA,15,35021,Santa Brígida,CALLE CAMINO VINAGRERA 15 SANTA BRIGIDA
37,13278,c058e93c-0ad1-11ea-8401-7756d0c25261,CAMINO,CUESTA GRAMA,58,35021,Santa Brígida,CAMINO CUESTA GRAMA 58 SANTA BRIGIDA
38,9481,722c1ca2-3251-11e8-b678-480fcf5217b3,CALLE,BUENAVISTA MADROÑAL,15,35021,Santa Brígida,CALLE BUENAVISTA MADROÑAL 15 SANTA BRIGIDA
39,6432,6b556515-3251-11e8-a7f6-480fcf5217b3,COMPLEJO,RES TAJINASTE ATALAYA,32,35021,Santa Brígida,COMPLEJO RES TAJINASTE ATALAYA 32 SANTA BRIGIDA
40,14542,c0d41a3d-0ad1-11ea-8401-7756d0c25261,CALLE,CASILLAS PORTADA VERDE,24,35021,Santa Brígida,CALLE CASILLAS PORTADA VERDE 24 SANTA BRIGIDA
41,1827,61d7d418-3251-11e8-a577-480fcf5217b3,CALLE,VELA LATINA,20,35021,Santa Brígida,CALLE VELA LATINA 20 SANTA BRIGIDA
42,11549,765180e2-3251-11e8-a52d-480fcf5217b3,CAMINO,CULATA,3,35021,Santa Brígida,CAMINO CULATA 3 SANTA BRIGIDA
43,3909,665fb491-3251-11e8-96a2-480fcf5217b3,CARRETERA,GOTERAS,110,35021,Santa Brígida,CARRETERA GOTERAS 110 SANTA BRIGIDA
44,14805,c4408b5a-3eda-11eb-845e-5fc45ade36e3,BARRANCO,BARRANQUILLO,25,35021,Santa Brígida,BARRANCO BARRANQUILLO 25 SANTA BRIGIDA
45,8046,6ed64457-3251-11e8-baf6-480fcf5217b3,AVENIDA,PARROCO ELIAS VERONA,4,35021,Santa Brígida,AVENIDA PARROCO ELIAS VERONA 4 SANTA BRIGIDA
46,3255,64e393b0-3251-11e8-bfa2-480fcf5217b3,CAMINO,CRUZ GAMONAL,144,35021,Santa Brígida,CAMINO CRUZ GAMONAL 144 SANTA BRIGIDA
47,6855,6c29de03-3251-11e8-b231-480fcf5217b3,CALLE,CUESTA GRAMA,14,35021,Santa Brígida,CALLE CUESTA GRAMA 14 SANTA BRIGIDA
48,8658,701e5e63-3251-11e8-8b34-480fcf5217b3,CALLE,CAMINO OLIVOS,86,35021,Santa Brígida,CALLE CAMINO OLIVOS 86 SANTA BRIGIDA
49,5257,690a7464-3251-11e8-abcc-480fcf5217b3,CALLE,JUAN ANDRES ALEMAN,2,35021,Santa Brígida,CALLE JUAN ANDRES ALEMAN 2 SANTA BRIGIDA
50,260,34bf5fd2-7449-11eb-8771-6f70bc935088,CAMINO,ENMEDIO,35,35021,Santa Brígida,CAMINO ENMEDIO 35 SANTA BRIGIDA
51,12348,77e54bda-3251-11e8-ac7c-480fcf5217b3,COMPLEJO,RESIDENCIAL TAJINASTE ATALAYA,20,35021,Santa Brígida,COMPLEJO RESIDENCIAL TAJINASTE ATALAYA 20 SANTA BRIGIDA
52,4147,66c0ade7-3251-11e8-b1d4-480fcf5217b3,CARRETERA,CENTRO MADROÑAL,104,35021,Santa Brígida,CARRETERA CENTRO MADROÑAL 104 SANTA BRIGIDA
53,14960,c711bed2-3eda-11eb-845e-5fc45ade36e3,CALLE,CRUZ GAMONAL,26,35021,Santa Brígida,CALLE CRUZ GAMONAL 26 SANTA BRIGIDA
54,13375,c05fc23c-0ad1-11ea-8401-7756d0c25261,CAMINO,LOMO VINCO,7,35021,Santa Brígida,CAMINO LOMO VINCO 7 SANTA BRIGIDA
55,11968,774086db-3251-11e8-b545-480fcf5217b3,CARRETERA,A ATALAYA,6,35021,Santa Brígida,CARRETERA A ATALAYA 6 SANTA BRIGIDA
56,98,18670867-5e7f-4b1f-bdbf-36dbbe36a486,CALLE,CAMINO VIEJO MONTE,23,35021,Santa Brígida,CALLE CAMINO VIEJO MONTE 23 SANTA BRIGIDA
57,8715,7035777b-3251-11e8-91a5-480fcf5217b3,URBANIZACION,FLEITAS FLEITAS,11,35021,Santa Brígida,URBANIZACION FLEITAS FLEITAS 11 SANTA BRIGIDA
58,14949,c711bed0-3eda-11eb-845e-5fc45ade36e3,CALLE,CAMINO VIEJO SAN JOSE VEGA,54,35021,Santa Brígida,CALLE CAMINO VIEJO SAN JOSE VEGA 54 SANTA BRIGIDA
59,12085,776d9443-3251-11e8-8af0-480fcf5217b3,CALLE,GUINIGUADA,24,35021,Santa Brígida,CALLE GUINIGUADA 24 SANTA BRIGIDA
60,6067,6a82834a-3251-11e8-b454-480fcf5217b3,CALLE,LOMITO ATALAYA,5,35021,Santa Brígida,CALLE LOMITO ATALAYA 5 SANTA BRIGIDA
61,6968,6c6f0f1f-3251-11e8-a6d0-480fcf5217b3,CAMINO,VIEJO MONTE,23,35021,Santa Brígida,CAMINO VIEJO MONTE 23 SANTA BRIGIDA
62,8353,6f90b3ee-3251-11e8-b108-480fcf5217b3,CAMINO,HERRADURA,32,35021,Santa Brígida,CAMINO HERRADURA 32 SANTA BRIGIDA
63,6516,6b84b0d4-3251-11e8-b546-480fcf5217b3,CALLE,JUAN RODRIGUEZ FLEITAS,13,35021,Santa Brígida,CALLE JUAN RODRIGUEZ FLEITAS 13 SANTA BRIGIDA
64,14978,c711bed3-3eda-11eb-845e-5fc45ade36e3,CALLE,CUESTA REVENTON,19,35021,Santa Brígida,CALLE CUESTA REVENTON 19 SANTA BRIGIDA
65,3062,649d4f24-3251-11e8-b49a-480fcf5217b3,CALLE,NUEVA,0,35021,Santa Brígida,CALLE NUEVA 0 SANTA BRIGIDA
66,12907,9c7a03ad-19c4-4e55-8cfa-407f21f52f7d,CARRETERA,HOYA CHIQUITA,97,35021,Santa Brígida,CARRETERA HOYA CHIQUITA 97 SANTA BRIGIDA
67,8923,70bbdabc-3251-11e8-b6f0-480fcf5217b3,CAMINO,CRUZ GAMONAL,46,35021,Santa Brígida,CAMINO CRUZ GAMONAL 46 SANTA BRIGIDA
68,3383,652d2b6d-3251-11e8-99ad-480fcf5217b3,CAMINO,CAMINO A OLIVOS PUERTA 35,98,35021,Santa Brígida,CAMINO CAMINO A OLIVOS PUERTA 35 98 SANTA BRIGIDA
69,8340,6f908cba-3251-11e8-b101-480fcf5217b3,PLACETA,LENTISCAL,9,35021,Santa Brígida,PLACETA LENTISCAL 9 SANTA BRIGIDA
70,7232,6cfb738e-3251-11e8-bf73-480fcf5217b3,CALLE,CAMINO A OLIVOS,30,35021,Santa Brígida,CALLE CAMINO A OLIVOS 30 SANTA BRIGIDA
71,15071,c711e5c3-3eda-11eb-845e-5fc45ade36e3,CAMINO,OLIVOS A,4,35021,Santa Brígida,CAMINO OLIVOS A 4 SANTA BRIGIDA
72,10168,738c7b2c-3251-11e8-a6b1-480fcf5217b3,CALLE,CURA NAVARRO,56,35021,Santa Brígida,CALLE CURA NAVARRO 56 SANTA BRIGIDA
73,2349,62f34b97-3251-11e8-aacb-480fcf5217b3,CAMINO,REAL PORTADA VERDE,69,35021,Santa Brígida,CAMINO REAL PORTADA VERDE 69 SANTA BRIGIDA
74,1999,621ed924-3251-11e8-b94e-480fcf5217b3,CALLE,CAMINO ALEMANES,13,35021,Santa Brígida,CALLE CAMINO ALEMANES 13 SANTA BRIGIDA
75,7202,6cfb4c70-3251-11e8-bf6e-480fcf5217b3,CALLE,OLIVOS,6,35021,Santa Brígida,CALLE OLIVOS 6 SANTA BRIGIDA
76,4678,67d82c40-3251-11e8-977a-480fcf5217b3,CALLE,MURO,49,35021,Santa Brígida,CALLE MURO 49 SANTA BRIGIDA
77,5827,6a0c6fe7-3251-11e8-bb5f-480fcf5217b3,CAMINO,ROQUETE,9,35021,Santa Brígida,CAMINO ROQUETE 9 SANTA BRIGIDA
78,15376,d4424a38-b001-11eb-aac4-c5aaa44a5e49,CALLE,LOMO ESPINO,330,35021,Santa Brígida,CALLE LOMO ESPINO 330 SANTA BRIGIDA
79,13730,c05fc23c-0ad1-11ea-8401-7756d0c25261,CARRERA,CENTRO,79,35021,Santa Brígida,CARRERA CENTRO 79 SANTA BRIGIDA
80,13915,c06958a6-0ad1-11ea-8401-7756d0c25261,CALLE,ESTANQUE,10,35021,Santa Brígida,CALLE ESTANQUE 10 SANTA BRIGIDA
81,12598,7848ec24-3251-11e8-8f22-480fcf5217b3,LUGAR,CUESTA GRAMA,3,35021,Santa Brígida,LUGAR CUESTA GRAMA 3 SANTA BRIGIDA
82,14792,c4408b58-3eda-11eb-845e-5fc45ade36e3,LUGAR,MONTE LENTISCAL,114,35021,Santa Brígida,LUGAR MONTE LENTISCAL 114 SANTA BRIGIDA
83,2788,63c907dc-3251-11e8-a997-480fcf5217b3,CALLE,PINO SANTO,25,35021,Santa Brígida,CALLE PINO SANTO 25 SANTA BRIGIDA
84,11767,76b5e9f9-3251-11e8-a504-480fcf5217b3,LUGAR,PALMERAL,8,35021,Santa Brígida,LUGAR PALMERAL 8 SANTA BRIGIDA
85,8101,6ed692a8-3251-11e8-bb0b-480fcf5217b3,CALLE,PRINCESA GUAYARMINA,19,35021,Santa Brígida,CALLE PRINCESA GUAYARMINA 19 SANTA BRIGIDA
86,15015,c711bed6-3eda-11eb-845e-5fc45ade36e3,CALLE,CAMINO GAMONAL,43,35021,Santa Brígida,CALLE CAMINO GAMONAL 43 SANTA BRIGIDA
87,1817,61bfa79c-3251-11e8-ba86-480fcf5217b3,CALLE,ALFARERA ANTOÑITA RUBIA,23,35021,Santa Brígida,CALLE ALFARERA ANTOÑITA RUBIA 23 SANTA BRIGIDA
88,2877,6415395d-3251-11e8-beb5-480fcf5217b3,CALLE,TOSCANES,19,35021,Santa Brígida,CALLE TOSCANES 19 SANTA BRIGIDA
89,6485,6b6e17f7-3251-11e8-aee8-480fcf5217b3,CAMINO,OLIVOS A,10,35021,Santa Brígida,CAMINO OLIVOS A 10 SANTA BRIGIDA
90,1970,621eb1f6-3251-11e8-b943-480fcf5217b3,CALLE,PICOTA 29,0,35021,Santa Brígida,CALLE PICOTA 29 0 SANTA BRIGIDA
91,12823,82d0c025-7af1-11eb-a554-cb98385cff1e,LUGAR,CENTRO COMERCIAL TAFIRA,7,35021,Santa Brígida,LUGAR CENTRO COMERCIAL TAFIRA 7 SANTA BRIGIDA
92,1315,60bc2b24-3251-11e8-a78a-480fcf5217b3,CARRETERA,GENERAL CENTRO,73,35021,Santa Brígida,CARRETERA GENERAL CENTRO 73 SANTA BRIGIDA
93,750,5fc7f3aa-af6b-11eb-8323-2b01b6a12ecb,CAMINO,ANCON GOTERAS,18,35021,Santa Brígida,CAMINO ANCON GOTERAS 18 SANTA BRIGIDA
94,4922,68648dc9-3251-11e8-bed5-480fcf5217b3,CALLE,CAMINO COLEGIO 8,0,35021,Santa Brígida,CALLE CAMINO COLEGIO 8 0 SANTA BRIGIDA
95,10059,73586ca1-3251-11e8-9812-480fcf5217b3,CALLE,ALISIOS,17,35021,Santa Brígida,CALLE ALISIOS 17 SANTA BRIGIDA
96,10565,745fea96-3251-11e8-aa22-480fcf5217b3,CARRETERA,A ATALAYA,158,35021,Santa Brígida,CARRETERA A ATALAYA 158 SANTA BRIGIDA
97,2634,63979cb0-3251-11e8-b784-480fcf5217b3,CALLE,TRASERA OLIVOS,75,35021,Santa Brígida,CALLE TRASERA OLIVOS 75 SANTA BRIGIDA
98,5665,69dc8a49-3251-11e8-b75d-480fcf5217b3,CALLE,CAMINO OLIVOS,22,35021,Santa Brígida,CALLE CAMINO OLIVOS 22 SANTA BRIGIDA
99,1430,60ecd27e-3251-11e8-b530-480fcf5217b3,CARRETERA,ANGOSTURA,407,35021,Santa Brígida,CARRETERA ANGOSTURA 407 SANTA BRIGIDA
100,14192,c099e341-0ad1-11ea-8401-7756d0c25261,LUGAR,HACIENDAS,88,35021,Santa Brígida,LUGAR HACIENDAS 88 SANTA BRIGIDA
101,5097,68b1b837-3251-11e8-be15-480fcf5217b3,CALLE,SANTIAGO PEÑATE,3,35021,Santa Brígida,CALLE SANTIAGO PEÑATE 3 SANTA BRIGIDA
102,14904,c6be5aa8-3eda-11eb-845e-5fc45ade36e3,PLAZA,PINO,7,35021,Santa Brígida,PLAZA PINO 7 SANTA BRIGIDA
103,3353,652d04d7-3251-11e8-99a4-480fcf5217b3,CARRETERA,CENTRO MADROÑAL,115,35021,Santa Brígida,CARRETERA CENTRO MADROÑAL 115 SANTA BRIGIDA
104,15568,e3641a77-ab67-4831-93c8-aebfdd5bba07,CAMINO,CORDILLERAS,6,35021,Santa Brígida,CAMINO CORDILLERAS 6 SANTA BRIGIDA
105,9424,71fab157-3251-11e8-a8a1-480fcf5217b3,CAMINO,A GOTERAS,8,35021,Santa Brígida,CAMINO A GOTERAS 8 SANTA BRIGIDA
106,9358,71c6636b-3251-11e8-ba69-480fcf5217b3,CALLE,JUAN RODRIGUEZ FLEITAS,16,35021,Santa Brígida,CALLE JUAN RODRIGUEZ FLEITAS 16 SANTA BRIGIDA
107,10799,74c02805-3251-11e8-95fb-480fcf5217b3,CAMINO,A CONCEPCION ESTANCO,53,35021,Santa Brígida,CAMINO A CONCEPCION ESTANCO 53 SANTA BRIGIDA
108,14705,c440645e-3eda-11eb-845e-5fc45ade36e3,CALLE,PINO SANTO ALTO LOMO CARRION,33,35021,Santa Brígida,CALLE PINO SANTO ALTO LOMO CARRION 33 SANTA BRIGIDA
109,3670,65c01038-3251-11e8-967c-480fcf5217b3,CALLE,ALISIOS,18,35021,Santa Brígida,CALLE ALISIOS 18 SANTA BRIGIDA
110,13173,c0525ddb-0ad1-11ea-8401-7756d0c25261,CARRETERA,BANDAMA,9,35021,Santa Brígida,CARRETERA BANDAMA 9 SANTA BRIGIDA
111,12195,779dff40-3251-11e8-9884-480fcf5217b3,CALLE,LOMO ESPINO,276,35021,Santa Brígida,CALLE LOMO ESPINO 276 SANTA BRIGIDA
112,8491,6fd64709-3251-11e8-b6f2-480fcf5217b3,CALLE,TEJAR,1,35021,Santa Brígida,CALLE TEJAR 1 SANTA BRIGIDA
113,2771,63c8e0bc-3251-11e8-a990-480fcf5217b3,CAMINO,GARGUJO A,87,35021,Santa Brígida,CAMINO GARGUJO A 87 SANTA BRIGIDA
114,11799,76b63742-3251-11e8-a515-480fcf5217b3,CAMINO,CUESTA GRAMA,1,35021,Santa Brígida,CAMINO CUESTA GRAMA 1 SANTA BRIGIDA
115,4580,67ab577e-3251-11e8-bb74-480fcf5217b3,CAMINO,A CAÑADAS,4,35021,Santa Brígida,CAMINO A CAÑADAS 4 SANTA BRIGIDA
116,12208,779e26c7-3251-11e8-988e-480fcf5217b3,CALLE,GRAN PARADA,44,35021,Santa Brígida,CALLE GRAN PARADA 44 SANTA BRIGIDA
117,850,5fe4faec-3251-11e8-a6f1-480fcf5217b3,CALLE,RAMON Y CAJAL 10,0,35021,Santa Brígida,CALLE RAMON Y CAJAL 10 0 SANTA BRIGIDA
118,2162,626b9614-3251-11e8-a30b-480fcf5217b3,CALLE,TEOBALDO POWER,15,35021,Santa Brígida,CALLE TEOBALDO POWER 15 SANTA BRIGIDA
119,11168,75516eea-3251-11e8-bec0-480fcf5217b3,LUGAR,BUENAVISTA,7,35021,Santa Brígida,LUGAR BUENAVISTA 7 SANTA BRIGIDA
120,920,6013dea4-3251-11e8-b3fe-480fcf5217b3,LUGAR,CASERIO ESTANCO,17,35021,Santa Brígida,LUGAR CASERIO ESTANCO 17 SANTA BRIGIDA
121,11359,75dabb7c-3251-11e8-af32-480fcf5217b3,CAMINO,PRESA,2,35021,Santa Brígida,CAMINO PRESA 2 SANTA BRIGIDA
122,7031,6c9d1cc1-3251-11e8-b3b1-480fcf5217b3,CARRETERA,CENTRO PARAISO,59,35021,Santa Brígida,CARRETERA CENTRO PARAISO 59 SANTA BRIGIDA
123,14311,c0b82c0a-0ad1-11ea-8401-7756d0c25261,CALLE,URB TAJINASTE,9,35021,Santa Brígida,CALLE URB TAJINASTE 9 SANTA BRIGIDA
124,4971,687e691d-3251-11e8-afa9-480fcf5217b3,CALLE,CUEVAS GUANCHE,62,35021,Santa Brígida,CALLE CUEVAS GUANCHE 62 SANTA BRIGIDA
125,14407,c0b82c0a-0ad1-11ea-8401-7756d0c25261,URBANIZACION,TAJINASTE ATALAYA,63,35021,Santa Brígida,URBANIZACION TAJINASTE ATALAYA 63 SANTA BRIGIDA
126,13612,c05fc23c-0ad1-11ea-8401-7756d0c25261,CALLE,PICASSO,17,35021,Santa Brígida,CALLE PICASSO 17 SANTA BRIGIDA
127,3626,65a8839c-3251-11e8-bc03-480fcf5217b3,CALLE,TABAIBA RAZO,20,35021,Santa Brígida,CALLE TABAIBA RAZO 20 SANTA BRIGIDA
128,11724,769a86e3-3251-11e8-b997-480fcf5217b3,CALLE,SANTOÑA,18,35021,Santa Brígida,CALLE SANTOÑA 18 SANTA BRIGIDA
129,15470,da2a7df4-7a4b-11eb-a554-cb98385cff1e,CALLE,OLIVOS,54,35021,Santa Brígida,CALLE OLIVOS 54 SANTA BRIGIDA
130,14139,c0929541-0ad1-11ea-8401-7756d0c25261,CALLE,PEDRO TORRES,2,35021,Santa Brígida,CALLE PEDRO TORRES 2 SANTA BRIGIDA
131,10066,73586ca5-3251-11e8-9816-480fcf5217b3,CAMINO,PINO SANTO BAJO,23,35021,Santa Brígida,CAMINO PINO SANTO BAJO 23 SANTA BRIGIDA
132,12024,7757ae96-3251-11e8-bbc5-480fcf5217b3,CARRETERA,SAN JOSE VEGAS,7,35021,Santa Brígida,CARRETERA SAN JOSE VEGAS 7 SANTA BRIGIDA
133,9723,72ca09ec-3251-11e8-b815-480fcf5217b3,CALLE,GUSTAVO JULIO NAVARRO NIETO,26,35021,Santa Brígida,CALLE GUSTAVO JULIO NAVARRO NIETO 26 SANTA BRIGIDA
134,6955,6c6f0f1c-3251-11e8-a6cd-480fcf5217b3,CALLE,JUAN MATA,8,35021,Santa Brígida,CALLE JUAN MATA 8 SANTA BRIGIDA
135,15588,e7054b27-b253-11eb-9e01-011ebcb1dd5c,CALLE,LOMITOS PINO SANTO ALTO,3,35021,Santa Brígida,CALLE LOMITOS PINO SANTO ALTO 3 SANTA BRIGIDA
136,13153,c0506243-0ad1-11ea-8401-7756d0c25261,CALLE,GALERIA,47,35021,Santa Brígida,CALLE GALERIA 47 SANTA BRIGIDA
137,11430,76093f72-3251-11e8-bc23-480fcf5217b3,CAMINO,LOMO ESPINO,338,35021,Santa Brígida,CAMINO LOMO ESPINO 338 SANTA BRIGIDA
138,4324,670a604b-3251-11e8-b9a6-480fcf5217b3,CARRETERA,AL PIQUILLO,7,35021,Santa Brígida,CARRETERA AL PIQUILLO 7 SANTA BRIGIDA
139,5534,69ad5e5c-3251-11e8-aa27-480fcf5217b3,CAMINO,ARENILLAS,38,35021,Santa Brígida,CAMINO ARENILLAS 38 SANTA BRIGIDA
140,7837,6e5ddcbc-3251-11e8-993c-480fcf5217b3,CALLE,CAMINO ACEQUIA TAFIRA,4,35021,Santa Brígida,CALLE CAMINO ACEQUIA TAFIRA 4 SANTA BRIGIDA
141,3403,65449525-3251-11e8-a03f-480fcf5217b3,CAMINO,GAMONAL,121,35021,Santa Brígida,CAMINO GAMONAL 121 SANTA BRIGIDA
142,14632,c35cdf74-0ad1-11ea-8401-7756d0c25261,CALLE,CASERIO HUMBRIA,16,35021,Santa Brígida,CALLE CASERIO HUMBRIA 16 SANTA BRIGIDA
143,4970,687e691d-3251-11e8-afa9-480fcf5217b3,CALLE,SUBIDA GUANCHE,57,35021,Santa Brígida,CALLE SUBIDA GUANCHE 57 SANTA BRIGIDA
144,6442,6b55651b-3251-11e8-a7fc-480fcf5217b3,CARRETERA,CASILLAS,4,35021,Santa Brígida,CARRETERA CASILLAS 4 SANTA BRIGIDA
